{"cameraMode":{"drawMode":0,"name":"Shaded","section":"Shading Mode"},"sceneLighting":false,"audioPlay":false,"sceneViewState":{"showFog":false,"showMaterialUpdate":false,"showSkybox":false,"showFlares":false,"showImageEffects":false,"showParticleSystems":false},"in2DMode":false,"pivot":{"x":-9.978620529174805,"y":-0.6090826988220215,"z":7.212839126586914},"rotation":{"x":-0.13805840909481049,"y":0.6109724044799805,"z":-0.10928475111722946,"w":-0.7718285322189331},"size":16.689485549926759,"orthographic":false}