{"cameraMode":{"drawMode":0,"name":"Shaded","section":"Shading Mode"},"sceneLighting":false,"audioPlay":false,"sceneViewState":{"showFog":false,"showMaterialUpdate":false,"showSkybox":false,"showFlares":false,"showImageEffects":false,"showParticleSystems":false},"in2DMode":false,"pivot":{"x":5.199284076690674,"y":5.777440071105957,"z":0.04804021120071411},"rotation":{"x":-0.16194476187229157,"y":0.6558672189712524,"z":-0.1470082551240921,"w":-0.7225024104118347},"size":6.874452114105225,"orthographic":false}