{"cameraMode":{"drawMode":0,"name":"Shaded","section":"Shading Mode"},"sceneLighting":true,"audioPlay":false,"sceneViewState":{"showFog":true,"showMaterialUpdate":true,"showSkybox":true,"showFlares":true,"showImageEffects":true,"showParticleSystems":true},"in2DMode":false,"pivot":{"x":0.46877241134643557,"y":2.747694492340088,"z":9.672658920288086},"rotation":{"x":0.09167345613241196,"y":0.1129411980509758,"z":-0.010505826212465763,"w":0.9893897771835327},"size":13.781195640563965,"orthographic":false}