{"cameraMode":{"drawMode":0,"name":"Shaded","section":"Shading Mode"},"sceneLighting":false,"audioPlay":false,"sceneViewState":{"showFog":false,"showMaterialUpdate":false,"showSkybox":false,"showFlares":false,"showImageEffects":false,"showParticleSystems":false},"in2DMode":false,"pivot":{"x":0.568029522895813,"y":0.4587254524230957,"z":4.21225643157959},"rotation":{"x":0.29903164505958559,"y":-0.035773277282714847,"z":0.011218941770493985,"w":0.953506588935852},"size":5.136297702789307,"orthographic":false}