{"cameraMode":{"drawMode":0,"name":"Shaded","section":"Shading Mode"},"sceneLighting":false,"audioPlay":false,"sceneViewState":{"showFog":true,"showMaterialUpdate":true,"showSkybox":false,"showFlares":true,"showImageEffects":true,"showParticleSystems":true},"in2DMode":false,"pivot":{"x":1.0558853149414063,"y":6.869999885559082,"z":0.6259891986846924},"rotation":{"x":-0.04642808064818382,"y":0.732479453086853,"z":-0.05015834793448448,"w":-0.6774259805679321},"size":22.0,"orthographic":false}