{"cameraMode":{"drawMode":0,"name":"Shaded","section":"Shading Mode"},"sceneLighting":false,"audioPlay":false,"sceneViewState":{"showFog":false,"showMaterialUpdate":false,"showSkybox":false,"showFlares":false,"showImageEffects":false,"showParticleSystems":false},"in2DMode":false,"pivot":{"x":2.643899917602539,"y":4.940000057220459,"z":3.423799991607666},"rotation":{"x":0.020978959277272226,"y":0.9707534909248352,"z":-0.22064930200576783,"w":0.09230071306228638},"size":6.874452114105225,"orthographic":false}