{"cameraMode":{"drawMode":0,"name":"Shaded","section":"Shading Mode"},"sceneLighting":false,"audioPlay":false,"sceneViewState":{"showFog":false,"showMaterialUpdate":false,"showSkybox":false,"showFlares":false,"showImageEffects":false,"showParticleSystems":false},"in2DMode":false,"pivot":{"x":6.2731733322143559,"y":-7.388455390930176,"z":-8.200666427612305},"rotation":{"x":0.11157123744487763,"y":0.8877649903297424,"z":-0.3335484266281128,"w":0.2969522476196289},"size":31.01345443725586,"orthographic":false}