{"cameraMode":{"drawMode":1,"name":"Wireframe","section":"Shading Mode"},"sceneLighting":false,"audioPlay":false,"sceneViewState":{"showFog":true,"showMaterialUpdate":true,"showSkybox":false,"showFlares":true,"showImageEffects":true,"showParticleSystems":true},"in2DMode":false,"pivot":{"x":-2.187286376953125,"y":16.83786392211914,"z":-13.034566879272461},"rotation":{"x":-0.06736871600151062,"y":0.8039908409118652,"z":-0.09277043491601944,"w":-0.5835784077644348},"size":43.88029098510742,"orthographic":false}