{"cameraMode":{"drawMode":0,"name":"Shaded","section":"Shading Mode"},"sceneLighting":true,"audioPlay":false,"sceneViewState":{"showFog":true,"showMaterialUpdate":true,"showSkybox":true,"showFlares":true,"showImageEffects":true,"showParticleSystems":true},"in2DMode":false,"pivot":{"x":5.871065139770508,"y":-6.56413459777832,"z":5.3332719802856449},"rotation":{"x":-0.20873679220676423,"y":-0.5883610248565674,"z":0.16047045588493348,"w":-0.7646971344947815},"size":21.9554500579834,"orthographic":false}