{"cameraMode":{"drawMode":0,"name":"Shaded","section":"Shading Mode"},"sceneLighting":false,"audioPlay":false,"sceneViewState":{"showFog":false,"showMaterialUpdate":false,"showSkybox":false,"showFlares":false,"showImageEffects":false,"showParticleSystems":false},"in2DMode":false,"pivot":{"x":-10.023531913757325,"y":4.927248954772949,"z":0.3268928527832031},"rotation":{"x":0.36272504925727847,"y":0.030746089294552804,"z":-0.011969299055635929,"w":0.9313265681266785},"size":17.559633255004884,"orthographic":false}