{"cameraMode":{"drawMode":1,"name":"Wireframe","section":"Shading Mode"},"sceneLighting":false,"audioPlay":false,"sceneViewState":{"showFog":true,"showMaterialUpdate":true,"showSkybox":false,"showFlares":true,"showImageEffects":true,"showParticleSystems":true},"in2DMode":false,"pivot":{"x":-6.0,"y":0.8939999938011169,"z":2.621000051498413},"rotation":{"x":-0.014689106494188309,"y":-0.9845061898231506,"z":0.10166575014591217,"w":-0.14247854053974152},"size":6.2525200843811039,"orthographic":false}