{"cameraMode":{"drawMode":0,"name":"Shaded","section":"Shading Mode"},"sceneLighting":true,"audioPlay":false,"sceneViewState":{"showFog":true,"showMaterialUpdate":true,"showSkybox":true,"showFlares":true,"showImageEffects":true,"showParticleSystems":true},"in2DMode":false,"pivot":{"x":-12.797985076904297,"y":1.443820595741272,"z":8.274721145629883},"rotation":{"x":0.11971589922904968,"y":-0.1955844610929489,"z":0.024020574986934663,"w":0.9731388092041016},"size":22.242122650146486,"orthographic":false}