{"cameraMode":{"drawMode":0,"name":"Shaded","section":"Shading Mode"},"sceneLighting":true,"audioPlay":false,"sceneViewState":{"showFog":true,"showMaterialUpdate":true,"showSkybox":true,"showFlares":true,"showImageEffects":true,"showParticleSystems":true},"in2DMode":false,"pivot":{"x":-8.3521146774292,"y":1.3880631923675538,"z":11.155013084411621},"rotation":{"x":0.06775827705860138,"y":-0.12867645919322968,"z":0.008987709879875183,"w":0.9894419312477112},"size":22.0,"orthographic":false}