{"cameraMode":{"drawMode":0,"name":"Shaded","section":"Shading Mode"},"sceneLighting":false,"audioPlay":false,"sceneViewState":{"showFog":true,"showMaterialUpdate":true,"showSkybox":false,"showFlares":true,"showImageEffects":true,"showParticleSystems":true},"in2DMode":false,"pivot":{"x":5.215649604797363,"y":-3.1914899349212648,"z":-3.198666572570801},"rotation":{"x":0.06824762374162674,"y":-0.2126866728067398,"z":0.014857879839837551,"w":0.9747052788734436},"size":4.615132808685303,"orthographic":false}