{"cameraMode":{"drawMode":0,"name":"Shaded","section":"Shading Mode"},"sceneLighting":true,"audioPlay":false,"sceneViewState":{"showFog":true,"showMaterialUpdate":true,"showSkybox":true,"showFlares":true,"showImageEffects":true,"showParticleSystems":true},"in2DMode":false,"pivot":{"x":-5.513129234313965,"y":7.930750846862793,"z":3.0906143188476564},"rotation":{"x":0.06055808067321777,"y":0.9384593367576599,"z":-0.21717150509357453,"w":0.26189008355140688},"size":21.91088104248047,"orthographic":false}