{"cameraMode":{"drawMode":0,"name":"Shaded","section":"Shading Mode"},"sceneLighting":false,"audioPlay":false,"sceneViewState":{"showFog":true,"showMaterialUpdate":false,"showSkybox":false,"showFlares":true,"showImageEffects":true,"showParticleSystems":true},"in2DMode":false,"pivot":{"x":0.6675162315368652,"y":-1.0781617164611817,"z":-0.21786212921142579},"rotation":{"x":-0.10480488836765289,"y":0.8710477352142334,"z":-0.212062269449234,"w":-0.43048980832099917},"size":10.3148775100708,"orthographic":false}