{"cameraMode":{"drawMode":0,"name":"Shaded","section":"Shading Mode"},"sceneLighting":true,"audioPlay":false,"sceneViewState":{"showFog":true,"showMaterialUpdate":false,"showSkybox":true,"showFlares":true,"showImageEffects":true,"showParticleSystems":true},"in2DMode":false,"pivot":{"x":0.18655741214752198,"y":-3.6658589839935304,"z":-1.4797465801239014},"rotation":{"x":0.11123045533895493,"y":0.6232988238334656,"z":0.09018287062644959,"w":-0.7687610387802124},"size":1.0674067735671998,"orthographic":false}