{"cameraMode":{"drawMode":0,"name":"Shaded","section":"Shading Mode"},"sceneLighting":true,"audioPlay":false,"sceneViewState":{"showFog":true,"showMaterialUpdate":false,"showSkybox":true,"showFlares":true,"showImageEffects":true,"showParticleSystems":true},"in2DMode":false,"pivot":{"x":-0.3364509344100952,"y":0.2828066349029541,"z":-0.10214114189147949},"rotation":{"x":0.35396966338157656,"y":0.08290427178144455,"z":-0.031518928706645969,"w":0.9310418963432312},"size":0.9274181723594666,"orthographic":false}