{"cameraMode":{"drawMode":0,"name":"Shaded","section":"Shading Mode"},"sceneLighting":false,"audioPlay":false,"sceneViewState":{"showFog":true,"showMaterialUpdate":false,"showSkybox":false,"showFlares":true,"showImageEffects":true,"showParticleSystems":true},"in2DMode":false,"pivot":{"x":0.3109596371650696,"y":0.1398627758026123,"z":0.013500019907951355},"rotation":{"x":0.035188063979148868,"y":0.9648104310035706,"z":-0.1833615005016327,"w":0.18515223264694215},"size":0.46264779567718508,"orthographic":false}