{"cameraMode":{"drawMode":0,"name":"Shaded","section":"Shading Mode"},"sceneLighting":true,"audioPlay":false,"sceneViewState":{"showFog":true,"showMaterialUpdate":false,"showSkybox":true,"showFlares":true,"showImageEffects":true,"showParticleSystems":true},"in2DMode":false,"pivot":{"x":-0.017615482211112977,"y":0.01483512856066227,"z":-0.1086169108748436},"rotation":{"x":0.059992145746946338,"y":0.6688271760940552,"z":-0.05429483950138092,"w":0.7390015125274658},"size":0.1488705277442932,"orthographic":false}