{"cameraMode":{"drawMode":0,"name":"Shaded","section":"Shading Mode"},"sceneLighting":false,"audioPlay":false,"sceneViewState":{"showFog":true,"showMaterialUpdate":false,"showSkybox":false,"showFlares":true,"showImageEffects":true,"showParticleSystems":true},"in2DMode":false,"pivot":{"x":0.41543078422546389,"y":2.5711066722869875,"z":2.739962577819824},"rotation":{"x":-0.2235986441373825,"y":0.05698119103908539,"z":-0.013095462694764138,"w":-0.972926139831543},"size":11.936837196350098,"orthographic":false}