{"cameraMode":{"drawMode":0,"name":"Shaded","section":"Shading Mode"},"sceneLighting":false,"audioPlay":false,"sceneViewState":{"showFog":true,"showMaterialUpdate":false,"showSkybox":false,"showFlares":true,"showImageEffects":true,"showParticleSystems":true},"in2DMode":false,"pivot":{"x":-0.022575289011001588,"y":0.19197504222393037,"z":0.09378781169652939},"rotation":{"x":-0.09011522680521012,"y":-0.7483717203140259,"z":0.10393605381250382,"w":-0.648857831954956},"size":0.46264779567718508,"orthographic":false}