{"cameraMode":{"drawMode":0,"name":"Shaded","section":"Shading Mode"},"sceneLighting":false,"audioPlay":false,"sceneViewState":{"showFog":true,"showMaterialUpdate":false,"showSkybox":false,"showFlares":true,"showImageEffects":true,"showParticleSystems":true},"in2DMode":false,"pivot":{"x":-0.23437762260437013,"y":0.22416137158870698,"z":-0.1380615234375},"rotation":{"x":-0.04479306936264038,"y":-0.7459365129470825,"z":0.050427328795194629,"w":-0.6625929474830627},"size":0.09520465135574341,"orthographic":false}