{"cameraMode":{"drawMode":0,"name":"Shaded","section":"Shading Mode"},"sceneLighting":true,"audioPlay":false,"sceneViewState":{"showFog":true,"showMaterialUpdate":false,"showSkybox":true,"showFlares":true,"showImageEffects":true,"showParticleSystems":true},"in2DMode":false,"pivot":{"x":-0.03849237784743309,"y":0.05932974815368652,"z":-0.060962140560150149},"rotation":{"x":0.47230011224746706,"y":-0.017185695469379426,"z":0.009210878051817418,"w":0.8812221884727478},"size":0.6274181604385376,"orthographic":false}