{"cameraMode":{"drawMode":0,"name":"Shaded","section":"Shading Mode"},"sceneLighting":false,"audioPlay":false,"sceneViewState":{"showFog":true,"showMaterialUpdate":false,"showSkybox":false,"showFlares":true,"showImageEffects":true,"showParticleSystems":true},"in2DMode":false,"pivot":{"x":0.3109596371650696,"y":0.1398627758026123,"z":0.013500019907951355},"rotation":{"x":-0.1614193320274353,"y":-0.18241779506206513,"z":0.030375072732567788,"w":-0.969404399394989},"size":1.0626477003097535,"orthographic":false}