{"cameraMode":{"drawMode":0,"name":"Shaded","section":"Shading Mode"},"sceneLighting":true,"audioPlay":false,"sceneViewState":{"showFog":true,"showMaterialUpdate":false,"showSkybox":true,"showFlares":true,"showImageEffects":true,"showParticleSystems":true},"in2DMode":false,"pivot":{"x":0.2769874334335327,"y":-0.13406191766262055,"z":0.20186617970466615},"rotation":{"x":-0.23637287318706513,"y":-0.3322252631187439,"z":0.08638971298933029,"w":-0.9090055227279663},"size":0.34594807028770449,"orthographic":true}