{"cameraMode":{"drawMode":0,"name":"Shaded","section":"Shading Mode"},"sceneLighting":false,"audioPlay":false,"sceneViewState":{"showFog":true,"showMaterialUpdate":false,"showSkybox":false,"showFlares":true,"showImageEffects":true,"showParticleSystems":true},"in2DMode":false,"pivot":{"x":-1.4250011444091797,"y":24.104890823364259,"z":20.712722778320314},"rotation":{"x":0.22010108828544618,"y":-0.026333848014473916,"z":0.005944115109741688,"w":0.9751034379005432},"size":59.44251251220703,"orthographic":false}