{"cameraMode":{"drawMode":0,"name":"Shaded","section":"Shading Mode"},"sceneLighting":false,"audioPlay":false,"sceneViewState":{"showFog":true,"showMaterialUpdate":false,"showSkybox":false,"showFlares":true,"showImageEffects":true,"showParticleSystems":true},"in2DMode":false,"pivot":{"x":0.3109596371650696,"y":0.1398627758026123,"z":0.013500019907951355},"rotation":{"x":-0.023997187614440919,"y":-0.00749783543869853,"z":0.0001799499150365591,"w":-0.9996839165687561},"size":1.0626477003097535,"orthographic":true}