{"cameraMode":{"drawMode":0,"name":"Shaded","section":"Shading Mode"},"sceneLighting":true,"audioPlay":false,"sceneViewState":{"showFog":true,"showMaterialUpdate":false,"showSkybox":true,"showFlares":true,"showImageEffects":true,"showParticleSystems":true},"in2DMode":false,"pivot":{"x":0.1665770411491394,"y":-0.09591138362884522,"z":-0.05342268943786621},"rotation":{"x":0.4737120568752289,"y":-0.0021190454717725517,"z":0.0011403204407542945,"w":0.8806765675544739},"size":0.9987823367118836,"orthographic":false}