{"cameraMode":{"drawMode":0,"name":"Shaded","section":"Shading Mode"},"sceneLighting":true,"audioPlay":false,"sceneViewState":{"showFog":true,"showMaterialUpdate":false,"showSkybox":true,"showFlares":true,"showImageEffects":true,"showParticleSystems":true},"in2DMode":false,"pivot":{"x":112.427734375,"y":152.177734375,"z":55.09375},"rotation":{"x":-0.023997187614440919,"y":-0.00749783543869853,"z":0.0001799499150365591,"w":-0.9996839165687561},"size":207.86863708496095,"orthographic":true}