{"cameraMode":{"drawMode":0,"name":"Shaded","section":"Shading Mode"},"sceneLighting":false,"audioPlay":false,"sceneViewState":{"showFog":true,"showMaterialUpdate":false,"showSkybox":false,"showFlares":true,"showImageEffects":true,"showParticleSystems":true},"in2DMode":false,"pivot":{"x":0.3109596371650696,"y":0.1398627758026123,"z":0.013500019907951355},"rotation":{"x":0.11189384758472443,"y":0.0803997814655304,"z":0.009083164855837822,"w":-0.9904206991195679},"size":1.0626477003097535,"orthographic":false}