{"cameraMode":{"drawMode":0,"name":"Shaded","section":"Shading Mode"},"sceneLighting":true,"audioPlay":false,"sceneViewState":{"showFog":true,"showMaterialUpdate":false,"showSkybox":true,"showFlares":true,"showImageEffects":true,"showParticleSystems":true},"in2DMode":false,"pivot":{"x":0.02752738632261753,"y":-0.131064772605896,"z":-0.1073070764541626},"rotation":{"x":0.4737120568752289,"y":-0.0021190454717725517,"z":0.0011403204407542945,"w":0.8806765675544739},"size":2.498782157897949,"orthographic":false}