{"cameraMode":{"drawMode":0,"name":"Shaded","section":"Shading Mode"},"sceneLighting":false,"audioPlay":false,"sceneViewState":{"showFog":true,"showMaterialUpdate":false,"showSkybox":false,"showFlares":true,"showImageEffects":true,"showParticleSystems":true},"in2DMode":false,"pivot":{"x":4.065157890319824,"y":2.0702028274536135,"z":0.39416980743408205},"rotation":{"x":0.007538949139416218,"y":-0.7646651864051819,"z":-0.008934486657381058,"w":-0.6443217396736145},"size":46.566165924072269,"orthographic":true}