{"cameraMode":{"drawMode":0,"name":"Shaded","section":"Shading Mode"},"sceneLighting":false,"audioPlay":false,"sceneViewState":{"showFog":true,"showMaterialUpdate":false,"showSkybox":false,"showFlares":true,"showImageEffects":true,"showParticleSystems":true},"in2DMode":false,"pivot":{"x":0.20000000298023225,"y":0.12831944227218629,"z":1.4901161193847657e-8},"rotation":{"x":-0.002747792052105069,"y":-0.9908904433250427,"z":0.020524974912405015,"w":-0.13306906819343568},"size":0.4127993583679199,"orthographic":false}