{"cameraMode":{"drawMode":0,"name":"Shaded","section":"Shading Mode"},"sceneLighting":false,"audioPlay":false,"sceneViewState":{"showFog":true,"showMaterialUpdate":false,"showSkybox":false,"showFlares":true,"showImageEffects":true,"showParticleSystems":true},"in2DMode":false,"pivot":{"x":-0.5360255241394043,"y":9.324185371398926,"z":-0.1379988193511963},"rotation":{"x":-0.0074308798648417,"y":-0.6851090788841248,"z":0.007000976242125034,"w":-0.7283689975738525},"size":35.159420013427737,"orthographic":true}