{"cameraMode":{"drawMode":0,"name":"Shaded","section":"Shading Mode"},"sceneLighting":true,"audioPlay":false,"sceneViewState":{"showFog":true,"showMaterialUpdate":false,"showSkybox":false,"showFlares":true,"showImageEffects":true,"showParticleSystems":true},"in2DMode":false,"pivot":{"x":0.9319380521774292,"y":12.669075012207032,"z":4.083266258239746},"rotation":{"x":0.024605264887213708,"y":0.6735414266586304,"z":-0.022443942725658418,"w":0.7383987903594971},"size":31.7609920501709,"orthographic":false}