{"cameraMode":{"drawMode":0,"name":"Shaded","section":"Shading Mode"},"sceneLighting":false,"audioPlay":false,"sceneViewState":{"showFog":true,"showMaterialUpdate":false,"showSkybox":false,"showFlares":true,"showImageEffects":true,"showParticleSystems":true},"in2DMode":false,"pivot":{"x":0.223001167178154,"y":0.041641391813755038,"z":0.0015999209135770798},"rotation":{"x":0.012686578556895256,"y":0.9866077303886414,"z":-0.0947178304195404,"w":0.132185161113739},"size":0.4721640348434448,"orthographic":false}