{"cameraMode":{"drawMode":0,"name":"Shaded","section":"Shading Mode"},"sceneLighting":false,"audioPlay":false,"sceneViewState":{"showFog":true,"showMaterialUpdate":false,"showSkybox":false,"showFlares":true,"showImageEffects":true,"showParticleSystems":true},"in2DMode":false,"pivot":{"x":-0.07070694118738175,"y":0.30598974227905276,"z":0.023078950121998788},"rotation":{"x":0.01617760956287384,"y":-0.7043770551681519,"z":-0.01604989916086197,"w":-0.7094600796699524},"size":1.340277910232544,"orthographic":true}