{"cameraMode":{"drawMode":0,"name":"Shaded","section":"Shading Mode"},"sceneLighting":false,"audioPlay":false,"sceneViewState":{"showFog":true,"showMaterialUpdate":false,"showSkybox":false,"showFlares":true,"showImageEffects":true,"showParticleSystems":true},"in2DMode":false,"pivot":{"x":-2.7198586463928224,"y":6.310702323913574,"z":0.09747578948736191},"rotation":{"x":0.004402949474751949,"y":-0.7151104807853699,"z":-0.004492627922445536,"w":-0.6989831328392029},"size":65.55399322509766,"orthographic":true}