{"cameraMode":{"drawMode":0,"name":"Shaded","section":"Shading Mode"},"sceneLighting":false,"audioPlay":false,"sceneViewState":{"showFog":true,"showMaterialUpdate":false,"showSkybox":false,"showFlares":true,"showImageEffects":true,"showParticleSystems":true},"in2DMode":false,"pivot":{"x":0.40838396549224856,"y":10.874622344970704,"z":-0.2691592574119568},"rotation":{"x":0.030363382771611215,"y":-0.6953715682029724,"z":-0.029419051483273507,"w":-0.7174057960510254},"size":51.58501052856445,"orthographic":true}