{"cameraMode":{"drawMode":0,"name":"Shaded","section":"Shading Mode"},"sceneLighting":true,"audioPlay":false,"sceneViewState":{"showFog":true,"showMaterialUpdate":false,"showSkybox":true,"showFlares":true,"showImageEffects":true,"showParticleSystems":true},"in2DMode":false,"pivot":{"x":-0.16485272347927094,"y":0.5100080966949463,"z":0.13424262404441834},"rotation":{"x":-0.006277764216065407,"y":-0.9862047433853149,"z":0.16087204217910767,"w":-0.03848511353135109},"size":1.757614254951477,"orthographic":true}