{"cameraMode":{"drawMode":0,"name":"Shaded","section":"Shading Mode"},"sceneLighting":true,"audioPlay":false,"sceneViewState":{"showFog":true,"showMaterialUpdate":false,"showSkybox":false,"showFlares":true,"showImageEffects":true,"showParticleSystems":true},"in2DMode":false,"pivot":{"x":0.14259271323680879,"y":0.2527714967727661,"z":0.03598951920866966},"rotation":{"x":-0.09131386876106262,"y":-0.5050872564315796,"z":0.05385024473071098,"w":-0.8565331101417542},"size":2.5032269954681398,"orthographic":false}