{"cameraMode":{"drawMode":0,"name":"Shaded","section":"Shading Mode"},"sceneLighting":true,"audioPlay":false,"sceneViewState":{"showFog":true,"showMaterialUpdate":false,"showSkybox":false,"showFlares":true,"showImageEffects":true,"showParticleSystems":true},"in2DMode":false,"pivot":{"x":1.2044486999511719,"y":18.410497665405275,"z":9.367752075195313},"rotation":{"x":0.021608524024486543,"y":0.7008184194564819,"z":-0.021248284727334977,"w":0.7126957774162293},"size":51.03703308105469,"orthographic":false}