{"cameraMode":{"drawMode":0,"name":"Shaded","section":"Shading Mode"},"sceneLighting":true,"audioPlay":false,"sceneViewState":{"showFog":true,"showMaterialUpdate":false,"showSkybox":true,"showFlares":true,"showImageEffects":true,"showParticleSystems":true},"in2DMode":false,"pivot":{"x":1.0113530158996583,"y":0.5157211422920227,"z":-0.36144477128982546},"rotation":{"x":0.08422446995973587,"y":0.7377141118049622,"z":-0.09367948025465012,"w":0.6632558703422546},"size":2.0297560691833498,"orthographic":false}