{"cameraMode":{"drawMode":0,"name":"Shaded","section":"Shading Mode"},"sceneLighting":true,"audioPlay":false,"sceneViewState":{"showFog":true,"showMaterialUpdate":false,"showSkybox":false,"showFlares":true,"showImageEffects":true,"showParticleSystems":true},"in2DMode":false,"pivot":{"x":0.1965450644493103,"y":0.10003616660833359,"z":-0.04341635853052139},"rotation":{"x":0.010211064480245114,"y":0.9861346483230591,"z":-0.06637834757566452,"w":0.1517503261566162},"size":0.471035361289978,"orthographic":false}