{"cameraMode":{"drawMode":0,"name":"Shaded","section":"Shading Mode"},"sceneLighting":true,"audioPlay":false,"sceneViewState":{"showFog":true,"showMaterialUpdate":false,"showSkybox":true,"showFlares":true,"showImageEffects":true,"showParticleSystems":true},"in2DMode":false,"pivot":{"x":-0.1473436951637268,"y":-0.376696914434433,"z":-1.5379589796066285},"rotation":{"x":-0.0041604116559028629,"y":0.9922417402267456,"z":-0.11935155838727951,"w":-0.03455772623419762},"size":3.520235538482666,"orthographic":false}