{"cameraMode":{"drawMode":0,"name":"Shaded","section":"Shading Mode"},"sceneLighting":true,"audioPlay":false,"sceneViewState":{"showFog":true,"showMaterialUpdate":false,"showSkybox":false,"showFlares":true,"showImageEffects":true,"showParticleSystems":true},"in2DMode":false,"pivot":{"x":0.7209701538085938,"y":11.894582748413086,"z":14.599286079406739},"rotation":{"x":0.021608524024486543,"y":0.7008184194564819,"z":-0.021248284727334977,"w":0.7126957774162293},"size":36.75090789794922,"orthographic":false}