{"cameraMode":{"drawMode":0,"name":"Shaded","section":"Shading Mode"},"sceneLighting":true,"audioPlay":false,"sceneViewState":{"showFog":true,"showMaterialUpdate":false,"showSkybox":true,"showFlares":true,"showImageEffects":true,"showParticleSystems":true},"in2DMode":false,"pivot":{"x":12.656753540039063,"y":48.642601013183597,"z":158.6407470703125},"rotation":{"x":0.05879368633031845,"y":0.21977607905864716,"z":-0.013270623050630093,"w":0.973686695098877},"size":934.2845458984375,"orthographic":false}