{"cameraMode":{"drawMode":0,"name":"Shaded","section":"Shading Mode"},"sceneLighting":true,"audioPlay":false,"sceneViewState":{"showFog":true,"showMaterialUpdate":false,"showSkybox":false,"showFlares":true,"showImageEffects":true,"showParticleSystems":true},"in2DMode":false,"pivot":{"x":12.857494354248047,"y":15.955484390258789,"z":4.903095245361328},"rotation":{"x":0.1155606061220169,"y":0.646056592464447,"z":-0.09983032941818237,"w":0.7478573322296143},"size":80.7519302368164,"orthographic":false}