{"cameraMode":{"drawMode":0,"name":"Shaded","section":"Shading Mode"},"sceneLighting":true,"audioPlay":false,"sceneViewState":{"showFog":true,"showMaterialUpdate":false,"showSkybox":true,"showFlares":true,"showImageEffects":true,"showParticleSystems":true},"in2DMode":false,"pivot":{"x":-0.46693313121795657,"y":-0.2748674154281616,"z":-1.540601372718811},"rotation":{"x":-0.0041604116559028629,"y":0.9922417402267456,"z":-0.11935155838727951,"w":-0.03455772623419762},"size":3.220235586166382,"orthographic":false}