{"cameraMode":{"drawMode":0,"name":"Shaded","section":"Shading Mode"},"sceneLighting":true,"audioPlay":false,"sceneViewState":{"showFog":true,"showMaterialUpdate":false,"showSkybox":true,"showFlares":true,"showImageEffects":true,"showParticleSystems":true},"in2DMode":false,"pivot":{"x":0.7821534872055054,"y":0.6777695417404175,"z":-1.4388028383255005},"rotation":{"x":0.06791137903928757,"y":0.8791021704673767,"z":-0.13179363310337068,"w":0.45298779010772707},"size":3.8297557830810549,"orthographic":false}