{"cameraMode":{"drawMode":0,"name":"Shaded","section":"Shading Mode"},"sceneLighting":false,"audioPlay":false,"sceneViewState":{"showFog":true,"showMaterialUpdate":false,"showSkybox":false,"showFlares":true,"showImageEffects":true,"showParticleSystems":true},"in2DMode":false,"pivot":{"x":0.47210693359375,"y":0.2913914620876312,"z":-0.027461625635623933},"rotation":{"x":0.030363382771611215,"y":-0.6953715682029724,"z":-0.029419051483273507,"w":-0.7174057960510254},"size":1.459164023399353,"orthographic":true}