{"cameraMode":{"drawMode":0,"name":"Shaded","section":"Shading Mode"},"sceneLighting":true,"audioPlay":false,"sceneViewState":{"showFog":true,"showMaterialUpdate":false,"showSkybox":false,"showFlares":true,"showImageEffects":true,"showParticleSystems":true},"in2DMode":false,"pivot":{"x":0.9319380521774292,"y":12.669075012207032,"z":4.083266258239746},"rotation":{"x":0.024605266749858857,"y":0.6735414862632752,"z":-0.022443944588303567,"w":0.7383988499641419},"size":31.7609920501709,"orthographic":false}