{"cameraMode":{"drawMode":0,"name":"Shaded","section":"Shading Mode"},"sceneLighting":false,"audioPlay":false,"sceneViewState":{"showFog":true,"showMaterialUpdate":false,"showSkybox":false,"showFlares":true,"showImageEffects":true,"showParticleSystems":true},"in2DMode":false,"pivot":{"x":0.49419403076171877,"y":0.5974876880645752,"z":0.09789663553237915},"rotation":{"x":0.025235550478100778,"y":0.5980196595191956,"z":-0.018843837082386018,"w":0.8008623719215393},"size":0.7081875801086426,"orthographic":false}